rank,name,realm,faction,rating,wins,losses,class,spec
1,Clonecity,tichondrius,ALLIANCE,3108,650,328,Druid,Restoration
2,Dzd,stormrage,ALLIANCE,3080,269,146,Rogue,Subtlety
3,Junglejape,tichondrius,ALLIANCE,3077,332,161,Mage,Arcane
4,Theloaofdmg,illidan,ALLIANCE,3063,242,137,Rogue,Assassination
5,Mystìcmac,sargeras,ALLIANCE,3062,151,54,Unknown,Unknown
6,Toonah,area-52,ALLIANCE,3058,150,55,Druid,Balance
7,Nicktherogue,stormrage,ALLIANCE,3053,155,61,Rogue,Assassination
8,Hìmenø,stormrage,ALLIANCE,3051,169,67,Rogue,Assassination
9,Nickthedruid,stormrage,ALLIANCE,3050,212,75,Druid,Balance
10,Samuelceo,area-52,ALLIANCE,3038,239,107,Druid,Restoration
10,Windshark,kelthuzad,ALLIANCE,3038,201,94,Unknown,Unknown
10,Gbg,arathor,ALLIANCE,3038,243,135,Rogue,Assassination
10,Stadman,illidan,HORDE,3038,772,433,Evoker,Preservation
14,Emìlia,malygos,ALLIANCE,3035,228,138,Unknown,Unknown
15,Ôñéèýèdkíñg,stormrage,ALLIANCE,3031,224,114,Unknown,Unknown
16,Señorvåc,sargeras,ALLIANCE,3029,211,116,Unknown,Unknown
16,Rudar,sargeras,ALLIANCE,3029,329,190,Druid,Balance
18,Wunderwaffen,tichondrius,HORDE,3028,144,82,Unknown,Unknown
19,Førtunateøne,area-52,ALLIANCE,3026,183,102,Druid,Restoration
19,Sleepiiheadx,stormrage,HORDE,3026,260,164,Evoker,Preservation
21,Kenstlols,tichondrius,ALLIANCE,3022,150,52,Warrior,Arms
22,Jessicàjin,illidan,ALLIANCE,3018,125,69,Unknown,Unknown
23,Trillr,illidan,ALLIANCE,3013,785,384,Rogue,Outlaw
24,Mvqx,illidan,ALLIANCE,3009,523,290,Demon Hunter,Havoc
24,Garbagevoker,scilla,ALLIANCE,3009,248,170,Evoker,Preservation
26,Glizzyglazer,proudmoore,ALLIANCE,3007,229,156,Unknown,Unknown
27,Vestheta,stormrage,ALLIANCE,3006,150,50,Rogue,Assassination
28,Chaniyam,tichondrius,ALLIANCE,3001,183,88,Warlock,Demonology
28,Toxicroch,bleeding-hollow,ALLIANCE,3001,150,112,Demon Hunter,Havoc
30,Jessicåjin,illidan,ALLIANCE,2999,150,81,Unknown,Unknown
31,Aeg,stormrage,ALLIANCE,2989,154,104,Unknown,Unknown
32,Mamazboy,area-52,ALLIANCE,2988,150,90,Demon Hunter,Havoc
33,Dipii,proudmoore,ALLIANCE,2984,150,84,Druid,Balance
34,Feralgenius,sargeras,ALLIANCE,2983,150,90,Druid,Feral
35,Cloney,thrall,ALLIANCE,2982,2907,1976,Druid,Balance
36,Dàzèd,stormrage,ALLIANCE,2981,200,136,Rogue,Outlaw
36,Nahj,tichondrius,ALLIANCE,2981,364,327,Rogue,Subtlety
38,Drakedad,nathrezim,ALLIANCE,2979,172,109,Unknown,Unknown
39,Ncpd,illidan,ALLIANCE,2976,139,81,Unknown,Unknown
39,Níen,bleeding-hollow,ALLIANCE,2976,155,99,Unknown,Unknown
41,Fléy,proudmoore,ALLIANCE,2975,316,217,Priest,Holy
42,Fusex,sargeras,ALLIANCE,2972,161,128,Druid,Feral
43,Pd,nathrezim,ALLIANCE,2970,359,253,Warlock,Destruction
43,Judgmentdaý,tichondrius,ALLIANCE,2970,516,444,Shaman,Enhancement
45,Dipimeow,tichondrius,ALLIANCE,2969,150,87,Druid,Feral
45,Hotheadbop,malganis,ALLIANCE,2969,156,103,Mage,Arcane
47,Tràvìs,stormrage,ALLIANCE,2968,496,351,Unknown,Unknown
48,Tmpikaboo,tichondrius,HORDE,2967,204,82,Rogue,Subtlety
49,Blindingface,sargeras,HORDE,2965,230,115,Unknown,Unknown
49,Melyon,tichondrius,ALLIANCE,2965,574,402,Monk,Mistweaver
49,Saul,tichondrius,ALLIANCE,2965,413,328,Shaman,Enhancement
52,Glizzydrag,stormrage,ALLIANCE,2964,154,79,Unknown,Unknown
53,Ainmosni,sargeras,ALLIANCE,2963,162,121,Mage,Arcane
53,Katyushá,illidan,HORDE,2963,555,432,Unknown,Unknown
55,Gûzz,area-52,HORDE,2962,157,75,Unknown,Unknown
55,Losertwo,illidan,ALLIANCE,2962,251,162,Unknown,Unknown
57,Yøruíchi,sargeras,ALLIANCE,2959,122,53,Druid,Feral
57,Scrappycøcø,area-52,ALLIANCE,2959,495,292,Unknown,Unknown
59,Dipilovesyou,tichondrius,ALLIANCE,2956,162,95,Druid,Balance
59,Ponyprincess,emerald-dream,ALLIANCE,2956,138,92,Unknown,Unknown
61,Dankdad,drenden,ALLIANCE,2955,150,92,Rogue,Assassination
61,Iznogøud,area-52,ALLIANCE,2955,213,143,Unknown,Unknown
63,Vctrphs,nemesis,ALLIANCE,2954,423,280,Druid,Feral
64,Kalvishmage,dalaran,ALLIANCE,2953,161,85,Mage,Fire
64,Abrrua,area-52,ALLIANCE,2953,315,222,Unknown,Unknown
64,Marvdog,stormreaver,ALLIANCE,2953,499,382,Unknown,Unknown
67,Hywan,stormreaver,ALLIANCE,2951,182,102,Druid,Feral
67,Joxibaba,stormrage,HORDE,2951,340,271,Unknown,Unknown
69,Itsjustover,stormrage,HORDE,2950,193,110,Monk,Mistweaver
69,Marvinceo,stormreaver,ALLIANCE,2950,272,206,Paladin,Retribution
71,Magnusz,zuljin,ALLIANCE,2948,222,105,Warrior,Arms
71,Tractordaddy,zuljin,ALLIANCE,2948,190,107,Warrior,Arms
71,Fruitcakeqt,proudmoore,HORDE,2948,254,184,Priest,Discipline
71,Dopaminex,shattered-halls,ALLIANCE,2948,473,385,Unknown,Unknown
75,Ntdx,stormrage,ALLIANCE,2947,158,104,Unknown,Unknown
75,Clonecountry,tichondrius,ALLIANCE,2947,130,90,Druid,Balance
75,Axtin,stormreaver,ALLIANCE,2947,252,181,Druid,Feral
78,Roguejkorc,illidan,HORDE,2946,152,88,Unknown,Unknown
78,Jessicâjin,illidan,ALLIANCE,2946,257,178,Paladin,Retribution
78,Nozomm,stormrage,HORDE,2946,153,116,Warlock,Destruction
81,Coffeybean,area-52,ALLIANCE,2945,181,70,Unknown,Unknown
81,Dexlol,area-52,ALLIANCE,2945,345,161,Druid,Balance
81,Tòretòn,area-52,ALLIANCE,2945,172,97,Mage,Frost
81,Shamdiva,arathor,ALLIANCE,2945,220,139,Shaman,Restoration
85,Zødiackiller,bleeding-hollow,ALLIANCE,2944,305,168,Demon Hunter,Havoc
85,Mêlon,tichondrius,ALLIANCE,2944,345,208,Monk,Mistweaver
87,Ñätùrëðrägøñ,tichondrius,HORDE,2943,150,63,Shaman,Restoration
87,Kîñggïgàçhäð,stormrage,HORDE,2943,166,94,Evoker,Preservation
87,Çhñkzrèt,illidan,ALLIANCE,2943,210,131,Paladin,Retribution
90,Strickmaney,nathrezim,ALLIANCE,2942,177,90,Unknown,Unknown
90,Villaindh,bleeding-hollow,ALLIANCE,2942,264,174,Demon Hunter,Havoc
90,Aeghis,stormrage,ALLIANCE,2942,217,155,Mage,Arcane
90,Melvoker,tichondrius,HORDE,2942,402,312,Evoker,Preservation
90,Palumor,deathwing,ALLIANCE,2942,491,383,Rogue,Subtlety
95,Kalvishx,dalaran,ALLIANCE,2941,351,201,Rogue,Subtlety
95,Wegopher,tichondrius,ALLIANCE,2941,183,134,Death Knight,Unholy
97,Crl,malygos,ALLIANCE,2940,150,90,Unknown,Unknown
97,Ïchïgø,tichondrius,ALLIANCE,2940,344,263,Paladin,Retribution
99,Wizksfartbox,emerald-dream,HORDE,2939,298,228,Unknown,Unknown
100,Iritamsi,illidan,HORDE,2938,270,188,Shaman,Restoration
100,Pawpurrazzi,moon-guard,ALLIANCE,2938,268,198,Druid,Restoration
100,Sensations,moon-guard,ALLIANCE,2938,324,254,Druid,Restoration
103,Devistonia,moon-guard,ALLIANCE,2937,264,178,Druid,Restoration
103,Bonquiesha,area-52,HORDE,2937,153,117,Hunter,Survival
103,Snartx,malganis,ALLIANCE,2937,283,228,Unknown,Unknown
106,Illililiilil,bleeding-hollow,ALLIANCE,2936,555,384,Demon Hunter,Havoc
106,Illililiilil,bleeding-hollow,ALLIANCE,2936,555,384,Mage,Frost
106,Fromcanadaqc,zuljin,HORDE,2936,243,170,Mage,Frost
106,Fromcanadaqc,zuljin,HORDE,2936,243,170,Unknown,Unknown
106,Fromcanadaqc,zuljin,HORDE,2936,243,170,Mage,Frost
106,Fromcanadaqc,zuljin,HORDE,2936,243,170,Mage,Frost
106,Fromcanadaqc,zuljin,HORDE,2936,243,170,Mage,Frost
106,Fromcanadaqc,zuljin,HORDE,2936,243,170,Mage,Frost
106,Murasaza,drenden,ALLIANCE,2936,358,270,Shaman,Elemental
106,Grimunt,tichondrius,HORDE,2936,326,246,Unknown,Unknown
110,Súzúne,tichondrius,ALLIANCE,2935,464,393,Demon Hunter,Havoc
110,Smorc,stormrage,ALLIANCE,2935,259,223,Warrior,Fury
112,Xvfxsvfxdsds,stormrage,ALLIANCE,2934,192,124,Unknown,Unknown
112,Coreyguns,area-52,HORDE,2934,301,205,Shaman,Elemental
112,Nozomx,stormrage,ALLIANCE,2934,441,338,Warlock,Destruction
112,Sillydurgon,emerald-dream,ALLIANCE,2934,225,177,Evoker,Preservation
112,Shmegorc,sargeras,HORDE,2934,287,229,Unknown,Unknown
112,Jtheals,illidan,ALLIANCE,2934,211,169,Priest,Holy
118,Dukama,stormrage,ALLIANCE,2933,157,99,Warlock,Destruction
118,Bewitch,sargeras,ALLIANCE,2933,257,194,Warlock,Demonology
118,Orcwwhaha,sargeras,HORDE,2933,218,166,Unknown,Unknown
118,Svondo,illidan,HORDE,2933,289,238,Shaman,Restoration
118,Yzklc,tichondrius,ALLIANCE,2933,229,192,Demon Hunter,Devourer
123,Inertia,arygos,ALLIANCE,2932,171,87,Demon Hunter,Havoc
123,Akizuki,alexstrasza,ALLIANCE,2932,157,90,Unknown,Unknown
123,Dzdh,stormrage,ALLIANCE,2932,265,156,Demon Hunter,Devourer
123,Mmrassassin,stormrage,ALLIANCE,2932,153,91,Unknown,Unknown
123,Çhrøñøløøp,tichondrius,HORDE,2932,160,100,Evoker,Preservation
123,Stælthßømbèr,baelgun,HORDE,2932,217,143,Unknown,Unknown
123,Xêêk,tichondrius,ALLIANCE,2932,302,206,Unknown,Unknown
123,Revzxy,dalaran,ALLIANCE,2932,231,166,Unknown,Unknown
123,Revzxy,dalaran,ALLIANCE,2932,231,166,Demon Hunter,Devourer
123,Hansol,farstriders,ALLIANCE,2932,308,243,Unknown,Unknown
123,Hansol,farstriders,ALLIANCE,2932,308,243,Unknown,Unknown
132,Xeniél,illidan,ALLIANCE,2931,162,91,Paladin,Retribution
132,Mes,sentinels,ALLIANCE,2931,151,96,Demon Hunter,Havoc
132,Dolphszn,zuljin,ALLIANCE,2931,169,112,Unknown,Unknown
132,Inawa,tichondrius,ALLIANCE,2931,180,120,Priest,Discipline
132,Dracostayout,sargeras,ALLIANCE,2931,177,155,Unknown,Unknown
137,Magiabaiser,illidan,ALLIANCE,2930,198,98,Unknown,Unknown
137,Law,drenden,ALLIANCE,2930,187,96,Unknown,Unknown
137,Max,stormrage,ALLIANCE,2930,263,180,Demon Hunter,Devourer
137,Actualplant,tichondrius,ALLIANCE,2930,195,137,Unknown,Unknown
137,Spírïtdrågøñ,area-52,ALLIANCE,2930,254,181,Demon Hunter,Havoc
137,Explicit,blackrock,ALLIANCE,2930,225,169,Rogue,Subtlety
137,Mooingcowttv,area-52,HORDE,2930,455,344,Unknown,Unknown
137,Belláware,bleeding-hollow,ALLIANCE,2930,227,172,Unknown,Unknown
137,Nessper,tichondrius,ALLIANCE,2930,353,277,Rogue,Assassination
146,Muàddib,ravencrest,ALLIANCE,2929,162,94,Unknown,Unknown
146,Vânguards,tichondrius,ALLIANCE,2929,243,144,Paladin,Retribution
146,Liquidcdew,illidan,HORDE,2929,683,438,Unknown,Unknown
146,Monsterxgodx,stormrage,ALLIANCE,2929,207,159,Warlock,Destruction
150,Jaime,kaelthas,HORDE,2928,150,52,Shaman,Elemental
150,Kickbot,uldum,ALLIANCE,2928,207,106,Unknown,Unknown
150,Bignar,zuljin,ALLIANCE,2928,267,189,Druid,Feral
150,Mesx,tichondrius,HORDE,2928,341,247,Death Knight,Unholy
150,Gødfâther,zuljin,ALLIANCE,2928,180,135,Unknown,Unknown
150,Vicestko,sargeras,ALLIANCE,2928,300,230,Warrior,Fury
150,Rýuga,sargeras,ALLIANCE,2928,243,190,Unknown,Unknown
157,Nogàrd,arygos,ALLIANCE,2927,156,103,Unknown,Unknown
157,Frøstgødxêêk,tichondrius,HORDE,2927,303,204,Unknown,Unknown
157,Sungjinwoo,grizzly-hills,ALLIANCE,2927,258,176,Paladin,Holy
157,Bleeds,blackhand,ALLIANCE,2927,245,174,Druid,Feral
157,Croces,daggerspine,ALLIANCE,2927,269,200,Demon Hunter,Havoc
157,Croces,daggerspine,ALLIANCE,2927,269,200,Demon Hunter,Havoc
157,Waylor,lethon,ALLIANCE,2927,197,157,Priest,Discipline
163,Stunsilence,sargeras,ALLIANCE,2926,199,114,Priest,Shadow
163,Sarmgoblinx,kelthuzad,ALLIANCE,2926,222,136,Unknown,Unknown
163,Dallas,demon-soul,ALLIANCE,2926,169,115,Druid,Feral
163,Vices,sargeras,ALLIANCE,2926,180,140,Warrior,Arms
163,Pherìx,tichondrius,ALLIANCE,2926,305,243,Mage,Fire
168,Exzyo,area-52,HORDE,2925,174,98,Demon Hunter,Havoc
168,Hønøredøne,sargeras,ALLIANCE,2925,167,113,Monk,Mistweaver
168,Verfanth,area-52,ALLIANCE,2925,163,120,Unknown,Unknown
168,Zerxiosvoker,stormrage,ALLIANCE,2925,316,250,Evoker,Devastation
172,Austin,sargeras,ALLIANCE,2924,160,106,Mage,Arcane
172,Nanoir,illidan,ALLIANCE,2924,150,105,Unknown,Unknown
172,Toondog,area-52,ALLIANCE,2924,268,191,Warlock,Destruction
172,Baiw,tichondrius,HORDE,2924,326,233,Warlock,Destruction
172,Caprise,drenden,ALLIANCE,2924,175,133,Shaman,Restoration
172,Caprise,drenden,ALLIANCE,2924,175,133,Shaman,Restoration
172,Nametenbooks,tichondrius,HORDE,2924,277,225,Shaman,Enhancement
172,Silkymitts,korgath,ALLIANCE,2924,218,187,Shaman,Elemental
179,Myk,medivh,ALLIANCE,2923,150,46,Rogue,Assassination
179,Isnlonely,tichondrius,ALLIANCE,2923,156,71,Warrior,Fury
179,Jthealz,tichondrius,ALLIANCE,2923,556,507,Priest,Holy
182,Tøkÿöghøül,agamaggan,ALLIANCE,2922,243,135,Hunter,Survival
182,Tímmÿtûrñér,tichondrius,ALLIANCE,2922,369,244,Unknown,Unknown
182,Dopamine,shattered-halls,ALLIANCE,2922,305,203,Mage,Fire
182,Meepmonk,tichondrius,HORDE,2922,195,133,Monk,Mistweaver
182,Meepmonk,tichondrius,HORDE,2922,195,133,Monk,Mistweaver
182,Atsukaia,tichondrius,ALLIANCE,2922,158,110,Shaman,Restoration
182,Randysavage,suramar,ALLIANCE,2922,471,340,Unknown,Unknown
182,Classenvy,tichondrius,HORDE,2922,259,188,Unknown,Unknown
182,Bumbleb,darkspear,ALLIANCE,2922,224,166,Unknown,Unknown
182,Bingbingbing,kelthuzad,ALLIANCE,2922,601,466,Warrior,Fury
182,Vânguârds,tichondrius,ALLIANCE,2922,342,266,Paladin,Retribution
182,Dboldennis,stormrage,ALLIANCE,2922,172,139,Druid,Balance
193,Våås,bleeding-hollow,ALLIANCE,2921,318,218,Demon Hunter,Havoc
193,Áoì,area-52,HORDE,2921,277,190,Mage,Frost
193,Pxry,stormrage,ALLIANCE,2921,177,122,Hunter,Survival
193,Pxry,stormrage,ALLIANCE,2921,177,122,Hunter,Survival
193,Envyion,sargeras,ALLIANCE,2921,371,271,Priest,Shadow
193,Vxjohnson,proudmoore,ALLIANCE,2921,153,118,Unknown,Unknown
193,Smexxin,tichondrius,ALLIANCE,2921,208,166,Warrior,Arms
193,Yøske,tichondrius,HORDE,2921,215,189,Hunter,Beast Mastery
200,Bigjbs,tichondrius,ALLIANCE,2920,184,85,Unknown,Unknown
200,Noworriesbro,zuljin,ALLIANCE,2920,263,156,Druid,Restoration
200,Rumblesucks,stormrage,ALLIANCE,2920,999,732,Unknown,Unknown
200,Calmx,sargeras,ALLIANCE,2920,258,196,Unknown,Unknown
200,Freefromfate,ravencrest,ALLIANCE,2920,238,182,Druid,Feral
200,Wodferalz,proudmoore,ALLIANCE,2920,413,324,Unknown,Unknown
206,Hamborgir,sargeras,HORDE,2919,353,304,Unknown,Unknown
207,Iloveabby,sargeras,ALLIANCE,2918,202,134,Unknown,Unknown
207,Mvqdh,illidan,ALLIANCE,2918,331,224,Demon Hunter,Havoc
207,Teamwork,moon-guard,ALLIANCE,2918,279,190,Druid,Restoration
207,Souvlaki,amanthul,HORDE,2918,222,193,Priest,Holy
211,Puckerupcalm,darkspear,ALLIANCE,2917,152,108,Unknown,Unknown
211,Sintimissi,burning-blade,ALLIANCE,2917,317,242,Unknown,Unknown
211,Dragongunz,illidan,HORDE,2917,189,161,Evoker,Preservation
214,Hyouri,tichondrius,ALLIANCE,2916,191,150,Paladin,Holy
215,Bigbadbreezy,korgath,HORDE,2915,246,149,Paladin,Retribution
215,Fromcanadaqc,tichondrius,ALLIANCE,2915,231,183,Mage,Frost
215,Fromcanadaqc,tichondrius,ALLIANCE,2915,231,183,Unknown,Unknown
215,Fromcanadaqc,tichondrius,ALLIANCE,2915,231,183,Mage,Frost
215,Fromcanadaqc,tichondrius,ALLIANCE,2915,231,183,Mage,Frost
215,Fromcanadaqc,tichondrius,ALLIANCE,2915,231,183,Mage,Frost
215,Fromcanadaqc,tichondrius,ALLIANCE,2915,231,183,Mage,Frost
215,Blastncruise,korgath,ALLIANCE,2915,241,220,Unknown,Unknown
218,Pettyk,tichondrius,ALLIANCE,2914,152,76,Death Knight,Unholy
218,Mørnìngstär,illidan,ALLIANCE,2914,308,208,Rogue,Assassination
218,Kaskå,tichondrius,ALLIANCE,2914,343,288,Shaman,Restoration
221,Meepmonk,kilrogg,ALLIANCE,2913,161,106,Monk,Mistweaver
221,Meepmonk,kilrogg,ALLIANCE,2913,161,106,Monk,Mistweaver
222,Loggerpally,area-52,ALLIANCE,2912,178,89,Unknown,Unknown
222,Clonedome,thrall,ALLIANCE,2912,2657,1823,Druid,Balance
224,Rgx,tichondrius,ALLIANCE,2911,305,240,Paladin,Protection
224,Rinnegekz,tichondrius,ALLIANCE,2911,423,404,Priest,Discipline
226,Fromcanadaqc,sargeras,ALLIANCE,2910,180,115,Mage,Frost
226,Fromcanadaqc,sargeras,ALLIANCE,2910,180,115,Unknown,Unknown
226,Fromcanadaqc,sargeras,ALLIANCE,2910,180,115,Mage,Frost
226,Fromcanadaqc,sargeras,ALLIANCE,2910,180,115,Mage,Frost
226,Fromcanadaqc,sargeras,ALLIANCE,2910,180,115,Mage,Frost
226,Fromcanadaqc,sargeras,ALLIANCE,2910,180,115,Mage,Frost
227,Kamáhleñ,malganis,ALLIANCE,2909,253,206,Evoker,Devastation
228,Emsti,illidan,HORDE,2908,301,214,Unknown,Unknown
228,Shardsxo,illidan,ALLIANCE,2908,626,479,Warlock,Destruction
228,Hansol,eitrigg,HORDE,2908,199,167,Unknown,Unknown
228,Hansol,eitrigg,HORDE,2908,199,167,Unknown,Unknown
228,Bubblebuddyy,tichondrius,ALLIANCE,2908,536,469,Unknown,Unknown
232,Shazuwu,tichondrius,ALLIANCE,2907,135,101,Paladin,Holy
232,Larosx,illidan,ALLIANCE,2907,490,445,Unknown,Unknown
234,Jessicajïn,illidan,ALLIANCE,2902,374,221,Unknown,Unknown
234,Legendarý,kelthuzad,ALLIANCE,2902,117,74,Mage,Arcane
236,Streetjudasx,kelthuzad,ALLIANCE,2900,211,128,Druid,Restoration
236,Doritocrunch,sargeras,ALLIANCE,2900,137,96,Unknown,Unknown
238,Jessicajìn,illidan,ALLIANCE,2898,287,186,Unknown,Unknown
238,Cindyloux,tichondrius,HORDE,2898,246,188,Priest,Holy
240,Humongousdam,illidan,ALLIANCE,2895,270,200,Druid,Feral
241,Substancex,illidan,ALLIANCE,2894,167,85,Unknown,Unknown
242,Kamähleñ,malganis,ALLIANCE,2889,322,259,Evoker,Devastation
243,Renner,zuljin,ALLIANCE,2887,272,195,Druid,Restoration
244,Slack,uldum,ALLIANCE,2886,339,200,Unknown,Unknown
245,Lesstatic,stormrage,ALLIANCE,2884,199,119,Shaman,Enhancement
245,Gaetanw,turalyon,ALLIANCE,2884,156,109,Warrior,Arms
245,Gaetanw,turalyon,ALLIANCE,2884,156,109,Warrior,Fury
247,Ishyeboi,stormrage,ALLIANCE,2883,158,106,Unknown,Unknown
247,Jigsåw,bleeding-hollow,ALLIANCE,2883,426,305,Demon Hunter,Havoc
247,Kotorî,proudmoore,ALLIANCE,2883,171,145,Shaman,Elemental
250,Fromcanadaqc,alexstrasza,HORDE,2881,99,51,Mage,Frost
250,Fromcanadaqc,alexstrasza,HORDE,2881,99,51,Unknown,Unknown
250,Fromcanadaqc,alexstrasza,HORDE,2881,99,51,Mage,Frost
250,Fromcanadaqc,alexstrasza,HORDE,2881,99,51,Mage,Frost
250,Fromcanadaqc,alexstrasza,HORDE,2881,99,51,Mage,Frost
250,Fromcanadaqc,alexstrasza,HORDE,2881,99,51,Mage,Frost
250,Rdz,sargeras,ALLIANCE,2881,490,391,Druid,Balance
252,Cdewlock,sargeras,ALLIANCE,2873,140,112,Warlock,Destruction
253,Burstnasty,blades-edge,ALLIANCE,2869,167,118,Unknown,Unknown
254,Gertka,stormrage,HORDE,2868,227,159,Unknown,Unknown
255,Bluedru,tichondrius,ALLIANCE,2867,233,162,Druid,Restoration
256,Orcroguehaha,dalaran,HORDE,2866,332,219,Rogue,Subtlety
257,Fromcanadaqc,stormrage,ALLIANCE,2865,109,55,Mage,Frost
257,Fromcanadaqc,stormrage,ALLIANCE,2865,109,55,Unknown,Unknown
257,Fromcanadaqc,stormrage,ALLIANCE,2865,109,55,Mage,Frost
257,Fromcanadaqc,stormrage,ALLIANCE,2865,109,55,Mage,Frost
257,Fromcanadaqc,stormrage,ALLIANCE,2865,109,55,Mage,Frost
257,Fromcanadaqc,stormrage,ALLIANCE,2865,109,55,Mage,Frost
257,Seantate,stormrage,ALLIANCE,2865,157,91,Paladin,Retribution
259,Langneurr,medivh,ALLIANCE,2864,178,141,Unknown,Unknown
260,Bigbags,burning-legion,ALLIANCE,2863,180,101,Unknown,Unknown
260,Tritongodx,aerie-peak,ALLIANCE,2863,283,162,Monk,Mistweaver
260,Flokk,sargeras,ALLIANCE,2863,382,261,Warrior,Arms
260,Kopio,stormrage,ALLIANCE,2863,376,259,Paladin,Retribution
264,Dweamfuego,sargeras,ALLIANCE,2862,588,515,Unknown,Unknown
264,Onetrickpony,shadowmoon,ALLIANCE,2862,553,503,Demon Hunter,Havoc
266,Sleepiihead,stormrage,ALLIANCE,2860,384,270,Evoker,Preservation
266,Suenofuego,area-52,HORDE,2860,281,205,Evoker,Preservation
266,Rbtz,illidan,HORDE,2860,228,175,Hunter,Beast Mastery
269,Calmfour,twisting-nether,ALLIANCE,2859,118,75,Unknown,Unknown
269,Calmfour,twisting-nether,ALLIANCE,2859,118,75,Unknown,Unknown
270,Mæchïñé,area-52,ALLIANCE,2858,155,98,Warrior,Arms
270,Yewrd,illidan,ALLIANCE,2858,459,400,Unknown,Unknown
272,Insomnija,illidan,HORDE,2857,705,563,Shaman,Restoration
273,Circle,deathwing,ALLIANCE,2856,203,186,Rogue,Assassination
274,Downbadkevin,tichondrius,ALLIANCE,2853,497,371,Monk,Mistweaver
275,Jaqenhghar,twisting-nether,ALLIANCE,2851,286,200,Unknown,Unknown
276,Déxx,area-52,ALLIANCE,2850,186,106,Druid,Balance
277,Rebirthstory,illidan,ALLIANCE,2847,89,31,Unknown,Unknown
277,Jessicãjin,illidan,ALLIANCE,2847,359,233,Warrior,Arms
277,Reileralt,tichondrius,HORDE,2847,234,184,Hunter,Marksmanship
280,Rmpenjoyerx,illidan,ALLIANCE,2846,210,157,Unknown,Unknown
281,Marvin,stormreaver,ALLIANCE,2843,243,172,Paladin,Unknown
282,Succubuspro,tichondrius,ALLIANCE,2842,192,91,Warlock,Destruction
282,Juicemage,tichondrius,ALLIANCE,2842,367,269,Unknown,Unknown
282,Yoske,tichondrius,ALLIANCE,2842,324,252,Hunter,Beast Mastery
285,Noiyvne,sargeras,ALLIANCE,2838,345,230,Priest,Shadow
286,Sharingañ,sargeras,ALLIANCE,2837,201,141,Mage,Fire
286,Negidam,area-52,ALLIANCE,2837,226,159,Druid,Feral
288,Orcbrta,area-52,HORDE,2836,422,346,Unknown,Unknown
289,Skdh,bleeding-hollow,ALLIANCE,2835,243,176,Demon Hunter,Havoc
290,Montage,illidan,ALLIANCE,2834,205,134,Paladin,Holy
290,Nos,bleeding-hollow,HORDE,2834,402,356,Unknown,Unknown
292,Kaskä,tichondrius,HORDE,2833,289,266,Shaman,Restoration
293,Truffleßutta,tichondrius,HORDE,2831,201,156,Evoker,Devastation
293,Aýanokoji,tichondrius,ALLIANCE,2831,634,591,Shaman,Enhancement
295,Grovetenderx,tichondrius,ALLIANCE,2830,288,165,Druid,Restoration
295,Challengerz,suramar,ALLIANCE,2830,191,148,Priest,Discipline
297,Flickmyscale,illidan,ALLIANCE,2829,514,434,Unknown,Unknown
297,Lightcocain,tichondrius,ALLIANCE,2829,337,297,Unknown,Unknown
299,Shardsx,illidan,ALLIANCE,2828,293,230,Unknown,Unknown
300,Nahjski,tichondrius,ALLIANCE,2826,213,154,Rogue,Subtlety
300,Kebab,tichondrius,HORDE,2826,410,346,Priest,Holy
302,Catfromhome,stormrage,ALLIANCE,2823,353,243,Druid,Feral
303,Wizkxsterge,tichondrius,ALLIANCE,2822,906,524,Unknown,Unknown
303,Sneak,sargeras,ALLIANCE,2822,290,217,Druid,Restoration
303,Bleesorc,tichondrius,HORDE,2822,462,377,Shaman,Restoration
306,Flòwstate,tichondrius,ALLIANCE,2821,288,236,Warlock,Destruction
306,Nspr,sargeras,ALLIANCE,2821,172,141,Rogue,Assassination
306,Revzxy,khaz-modan,ALLIANCE,2821,647,546,Unknown,Unknown
306,Revzxy,khaz-modan,ALLIANCE,2821,647,546,Demon Hunter,Devourer
309,Melyspesh,tichondrius,ALLIANCE,2820,225,169,Monk,Mistweaver
310,Onryô,illidan,ALLIANCE,2819,488,427,Paladin,Holy
311,Lightsbäne,darkspear,ALLIANCE,2817,165,107,Paladin,Holy
312,Youresomadrn,korgath,HORDE,2816,243,183,Shaman,Elemental
313,Nethergiveup,stormrage,ALLIANCE,2815,172,120,Demon Hunter,Havoc
314,Loreleiamira,ragnaros,ALLIANCE,2814,593,457,Unknown,Unknown
314,Metaphorest,kelthuzad,ALLIANCE,2814,501,405,Druid,Restoration
314,Araylda,illidan,ALLIANCE,2814,340,286,Demon Hunter,Havoc
317,Thediffy,tichondrius,HORDE,2813,121,91,Priest,Shadow
318,Boømbam,bleeding-hollow,HORDE,2812,192,104,Mage,Fire
318,Kciktep,tichondrius,HORDE,2812,111,61,Death Knight,Unholy
318,Calmfour,sargeras,ALLIANCE,2812,176,115,Unknown,Unknown
318,Calmfour,sargeras,ALLIANCE,2812,176,115,Unknown,Unknown
318,Nosfour,bleeding-hollow,ALLIANCE,2812,220,185,Warlock,Demonology
322,Bigvuqoffdam,area-52,ALLIANCE,2811,355,266,Priest,Holy
323,Sutsuj,stormrage,ALLIANCE,2809,197,143,Priest,Shadow
324,Finalbõss,tichondrius,HORDE,2806,252,187,Shaman,Restoration
325,Gonemissing,malganis,HORDE,2805,298,257,Unknown,Unknown
326,Kalvish,dalaran,ALLIANCE,2804,220,63,Rogue,Subtlety
326,Vanguards,tichondrius,ALLIANCE,2804,597,471,Paladin,Retribution
328,Dipixyz,tichondrius,ALLIANCE,2803,116,75,Warlock,Demonology
328,Meowdymaam,tichondrius,ALLIANCE,2803,421,382,Unknown,Unknown
330,Silentforce,bleeding-hollow,ALLIANCE,2801,167,125,Rogue,Outlaw
331,Kirìtsugu,sargeras,ALLIANCE,2799,208,121,Unknown,Unknown
332,Spamndam,tichondrius,HORDE,2797,210,144,Priest,Shadow
332,Doritoww,sargeras,ALLIANCE,2797,319,264,Unknown,Unknown
334,Altsp,illidan,ALLIANCE,2796,510,423,Unknown,Unknown
335,Exzistance,area-52,HORDE,2795,110,67,Warrior,Arms
335,Bludru,tichondrius,ALLIANCE,2795,462,350,Druid,Restoration
337,Oql,tichondrius,HORDE,2791,177,122,Death Knight,Unholy
338,Breezylol,korgath,ALLIANCE,2790,159,114,Paladin,Retribution
339,Mnmmnmmnmnmm,bloodhoof,HORDE,2789,159,106,Hunter,Marksmanship
339,Ibetyourdumb,tichondrius,ALLIANCE,2789,280,198,Unknown,Unknown
339,Robotwo,illidan,HORDE,2789,282,215,Hunter,Marksmanship
342,Euprodogy,stormrage,ALLIANCE,2788,184,134,Evoker,Devastation
342,Blasimauli,stormrage,ALLIANCE,2788,184,134,Evoker,Preservation
342,Bigdosser,stormrage,ALLIANCE,2788,184,134,Demon Hunter,Havoc
342,Frøzèñintïmê,tichondrius,HORDE,2788,286,211,Death Knight,Frost
346,Thugrose,blackrock,ALLIANCE,2787,506,400,Druid,Balance
346,Xënk,moon-guard,ALLIANCE,2787,498,455,Unknown,Unknown
348,Laryfsherman,tichondrius,ALLIANCE,2785,308,235,Druid,Balance
349,Wmxd,sargeras,ALLIANCE,2784,130,82,Unknown,Unknown
350,Kev,draktharon,HORDE,2783,141,90,Monk,Mistweaver
350,Sol,shandris,ALLIANCE,2783,249,210,Mage,Fire
352,Qpe,tichondrius,ALLIANCE,2782,156,121,Priest,Discipline
353,Aiden,burning-legion,HORDE,2778,183,124,Unknown,Unknown
353,Gaetanwr,sargeras,ALLIANCE,2778,203,141,Warrior,Arms
353,Palumorph,deathwing,ALLIANCE,2778,171,124,Unknown,Unknown
353,Wegofa,tichondrius,HORDE,2778,241,177,Death Knight,Unholy
357,Jix,frostmourne,ALLIANCE,2775,501,356,Unknown,Unknown
357,Zaiyge,bleeding-hollow,HORDE,2775,763,660,Mage,Fire
359,Atiersp,sargeras,HORDE,2772,1072,891,Priest,Shadow
360,Ntrx,stormrage,HORDE,2771,150,73,Unknown,Unknown
360,Metaphorsx,tichondrius,ALLIANCE,2771,175,134,Shaman,Restoration
362,Bigpiet,stormrage,HORDE,2770,269,222,Unknown,Unknown
363,Susié,dalaran,ALLIANCE,2769,470,410,Unknown,Unknown
364,Gaetanw,sargeras,ALLIANCE,2768,130,93,Warrior,Arms
364,Gaetanw,sargeras,ALLIANCE,2768,130,93,Warrior,Fury
365,Tmdumptruck,tichondrius,HORDE,2766,588,401,Shaman,Restoration
365,Imogenheap,sargeras,ALLIANCE,2766,136,94,Monk,Mistweaver
367,Åëöñíç,moon-guard,ALLIANCE,2765,233,185,Unknown,Unknown
367,Ladderxsham,area-52,ALLIANCE,2765,184,147,Shaman,Elemental
369,Dredre,aggramar,ALLIANCE,2764,235,189,Unknown,Unknown
369,Avdød,tichondrius,ALLIANCE,2764,392,316,Paladin,Holy
371,Redkangaroo,tichondrius,ALLIANCE,2763,307,204,Unknown,Unknown
372,Yumeko,shattered-halls,ALLIANCE,2762,149,104,Unknown,Unknown
372,Rmpmeeper,kilrogg,HORDE,2762,181,132,Priest,Discipline
372,Vinygar,illidan,HORDE,2762,369,309,Evoker,Preservation
375,Gamerdude,sargeras,ALLIANCE,2761,146,83,Warlock,Destruction
376,Joint,blackrock,ALLIANCE,2760,234,159,Rogue,Subtlety
376,Sultanofwind,malganis,HORDE,2760,153,105,Monk,Windwalker
378,Gum,moon-guard,ALLIANCE,2759,663,538,Monk,Windwalker
378,Hotdogseller,tichondrius,ALLIANCE,2759,313,258,Warlock,Affliction
380,Flokkx,sargeras,ALLIANCE,2757,293,215,Unknown,Unknown
380,Tritonx,aerie-peak,ALLIANCE,2757,333,246,Monk,Mistweaver
380,Slunks,tichondrius,ALLIANCE,2757,454,338,Monk,Mistweaver
380,Mulungdummy,stormrage,ALLIANCE,2757,362,279,Paladin,Retribution
380,Kaskã,tichondrius,HORDE,2757,151,130,Monk,Mistweaver
385,Rlyspiffy,deathwing,ALLIANCE,2755,429,313,Unknown,Unknown
386,Alaintgc,area-52,ALLIANCE,2753,177,115,Paladin,Retribution
386,Historìa,demon-soul,ALLIANCE,2753,180,122,Mage,Frost
386,Trashdiscx,thrall,ALLIANCE,2753,353,330,Priest,Discipline
389,Redbbc,blades-edge,ALLIANCE,2751,94,72,Paladin,Holy
389,Hariuseseya,sargeras,ALLIANCE,2751,79,68,Mage,Arcane
391,Victor,scilla,ALLIANCE,2750,213,160,Unknown,Unknown
392,Vîces,sargeras,ALLIANCE,2749,211,150,Warrior,Arms
392,Thugonomicz,demon-soul,ALLIANCE,2749,220,158,Warlock,Destruction
392,Poðr,magtheridon,ALLIANCE,2749,479,384,Unknown,Unknown
395,Fromcanada,tichondrius,HORDE,2748,183,138,Mage,Frost
395,Fromcanada,tichondrius,HORDE,2748,183,138,Mage,Frost
396,Zorian,tichondrius,HORDE,2747,163,133,Monk,Brewmaster
397,Meepvoker,tichondrius,HORDE,2746,321,216,Evoker,Preservation
398,Mindboink,executus,ALLIANCE,2745,82,51,Priest,Discipline
398,Buggin,icecrown,ALLIANCE,2745,104,75,Warrior,Fury
398,Maldiva,area-52,HORDE,2745,280,229,Warlock,Destruction
401,Ggchuckubzy,tichondrius,ALLIANCE,2744,217,114,Unknown,Unknown
401,Kalvishblind,dalaran,ALLIANCE,2744,171,109,Demon Hunter,Devourer
401,Kamahlên,malganis,ALLIANCE,2744,171,111,Unknown,Unknown
404,Sìléñtèýés,agamaggan,ALLIANCE,2743,539,474,Hunter,Marksmanship
405,Dannycarry,tichondrius,ALLIANCE,2742,446,283,Druid,Restoration
406,Iso,malganis,ALLIANCE,2741,386,347,Rogue,Subtlety
406,Kyphosis,illidan,HORDE,2741,392,362,Mage,Fire
406,Hiátusx,ragnaros,HORDE,2741,379,355,Priest,Holy
409,Linkinbiox,alleria,ALLIANCE,2740,293,257,Druid,Feral
410,Fromchinapwr,tichondrius,ALLIANCE,2739,182,100,Mage,Arcane
411,Rennx,zuljin,ALLIANCE,2738,411,297,Druid,Restoration
412,Beatman,blades-edge,ALLIANCE,2737,104,75,Paladin,Retribution
413,Trillm,illidan,ALLIANCE,2736,230,173,Monk,Windwalker
414,Hóódbyair,stormrage,ALLIANCE,2734,109,73,Unknown,Unknown
414,Nardwaur,tichondrius,ALLIANCE,2734,547,437,Druid,Balance
416,Shíkamaru,draktharon,ALLIANCE,2728,142,104,Druid,Feral
417,Jinitaimeikk,tichondrius,ALLIANCE,2726,174,102,Warlock,Demonology
418,ßîgðøg,shadowmoon,ALLIANCE,2725,235,185,Druid,Balance
418,Dragocula,tichondrius,ALLIANCE,2725,403,359,Evoker,Preservation
418,Jbz,balnazzar,ALLIANCE,2725,668,619,Druid,Balance
418,Mud,icecrown,ALLIANCE,2725,376,355,Warrior,Arms
418,Jdbthyr,malganis,HORDE,2725,318,309,Evoker,Devastation
423,Goðxçomplex,sargeras,ALLIANCE,2724,153,117,Unknown,Unknown
423,Vinygaar,stormrage,ALLIANCE,2724,366,281,Evoker,Preservation
423,Fakekeator,tichondrius,HORDE,2724,340,291,Demon Hunter,Havoc
426,Hiroller,blades-edge,HORDE,2723,113,82,Paladin,Retribution
426,Ttvslunkss,tichondrius,HORDE,2723,282,229,Unknown,Unknown
426,Execute,icecrown,HORDE,2723,167,136,Warrior,Arms
426,Perfect,crushridge,ALLIANCE,2723,190,160,Paladin,Holy
430,Getbustedon,blades-edge,HORDE,2722,203,150,Paladin,Retribution
430,Toonahzy,area-52,ALLIANCE,2722,137,107,Evoker,Preservation
430,Enzosp,illidan,ALLIANCE,2722,372,324,Unknown,Unknown
430,Elhyttzo,daggerspine,ALLIANCE,2722,589,516,Evoker,Preservation
430,Vãl,blackrock,ALLIANCE,2722,339,308,Rogue,Subtlety
435,Abäddön,illidan,ALLIANCE,2721,135,100,Demon Hunter,Havoc
436,Dxdx,dragonblight,ALLIANCE,2720,154,118,Mage,Fire
436,Sswf,auchindoun,HORDE,2720,351,283,Shaman,Enhancement
436,Shards,illidan,ALLIANCE,2720,655,597,Warlock,Destruction
439,Augmaigoat,stormrage,ALLIANCE,2719,630,523,Evoker,Preservation
439,Bmx,sargeras,HORDE,2719,148,132,Unknown,Unknown
441,Sct,sargeras,ALLIANCE,2718,136,103,Paladin,Holy
441,Sct,sargeras,ALLIANCE,2718,136,103,Paladin,Protection
441,Trilldh,illidan,ALLIANCE,2718,242,184,Demon Hunter,Devourer
443,Caprise,tichondrius,ALLIANCE,2717,125,90,Shaman,Restoration
443,Caprise,tichondrius,ALLIANCE,2717,125,90,Shaman,Restoration
443,Tojizennin,tichondrius,HORDE,2717,168,121,Unknown,Unknown
443,Grøõvýgerald,stormrage,ALLIANCE,2717,221,171,Rogue,Assassination
446,Jésús,dalaran,ALLIANCE,2716,937,822,Hunter,Survival
447,Diamondroley,area-52,ALLIANCE,2714,202,143,Unknown,Unknown
447,Nerfkidney,area-52,HORDE,2714,754,671,Rogue,Outlaw
449,Pxry,drenden,ALLIANCE,2713,204,94,Hunter,Survival
449,Pxry,drenden,ALLIANCE,2713,204,94,Hunter,Survival
449,Deputybadger,illidan,ALLIANCE,2713,342,291,Shaman,Restoration
451,Madnusz,zuljin,ALLIANCE,2712,196,166,Warrior,Fury
452,Montageyo,illidan,ALLIANCE,2711,203,140,Unknown,Unknown
452,Isometrics,barthilas,ALLIANCE,2711,286,210,Warlock,Destruction
452,Flayx,draka,ALLIANCE,2711,477,399,Mage,Arcane
452,Magictokerx,bleeding-hollow,ALLIANCE,2711,282,252,Rogue,Assassination
452,Thiccbiscuit,area-52,HORDE,2711,429,393,Warrior,Arms
452,Sungjinwøø,tichondrius,ALLIANCE,2711,220,202,Paladin,Retribution
458,Chun,malganis,ALLIANCE,2710,273,176,Evoker,Devastation
458,Cavatea,illidan,HORDE,2710,361,299,Priest,Holy
458,Boomsurge,malganis,ALLIANCE,2710,350,334,Druid,Feral
461,Fungiforest,kelthuzad,HORDE,2709,206,155,Warlock,Demonology
462,Weswatson,tichondrius,ALLIANCE,2706,643,500,Unknown,Unknown
462,Jinggeweer,illidan,ALLIANCE,2706,274,240,Druid,Feral
464,Uneasypz,tichondrius,ALLIANCE,2705,307,260,Paladin,Retribution
464,Dreamfuego,tichondrius,HORDE,2705,690,641,Evoker,Preservation
466,Spongebobx,tichondrius,ALLIANCE,2704,369,299,Unknown,Unknown
467,Gåmëgrïéfêr,bleeding-hollow,ALLIANCE,2703,95,78,Unknown,Unknown
468,Vantosabich,illidan,HORDE,2702,442,327,Unknown,Unknown
468,Chasington,area-52,HORDE,2702,111,88,Unknown,Unknown
468,Kamahlën,malganis,ALLIANCE,2702,473,419,Shaman,Elemental
468,Daddypompum,tichondrius,ALLIANCE,2702,516,468,Druid,Restoration
472,Catarïa,tichondrius,HORDE,2700,173,135,Unknown,Unknown
472,Szew,tichondrius,ALLIANCE,2700,173,135,Warrior,Arms
472,Kobaishome,tichondrius,ALLIANCE,2700,173,135,Druid,Restoration
472,Nate,hellscream,ALLIANCE,2700,278,234,Demon Hunter,Havoc
476,Jiyuda,sargeras,ALLIANCE,2699,598,430,Druid,Restoration
476,Piupius,tichondrius,ALLIANCE,2699,270,195,Warlock,Demonology
476,Xenk,moon-guard,ALLIANCE,2699,208,162,Paladin,Retribution
479,Jumperiswet,kelthuzad,ALLIANCE,2698,477,388,Unknown,Unknown
479,Immoolate,demon-soul,HORDE,2698,239,200,Warlock,Destruction
479,Magictoker,bleeding-hollow,ALLIANCE,2698,371,335,Rogue,Assassination
482,Flokkow,sargeras,ALLIANCE,2697,299,216,Unknown,Unknown
482,Bedtimes,tichondrius,ALLIANCE,2697,339,250,Warlock,Demonology
482,Piratepq,stormrage,ALLIANCE,2697,352,260,Paladin,Retribution
482,Soifon,aerie-peak,ALLIANCE,2697,163,124,Hunter,Marksmanship
482,Merawr,area-52,ALLIANCE,2697,203,158,Druid,Restoration
487,Mik,shandris,ALLIANCE,2696,336,273,Rogue,Assassination
487,Sabledraco,stormrage,ALLIANCE,2696,320,266,Unknown,Unknown
487,Wtfc,tichondrius,ALLIANCE,2696,149,124,Demon Hunter,Devourer
487,Croches,tichondrius,HORDE,2696,630,549,Demon Hunter,Havoc
487,Euswineferal,illidan,ALLIANCE,2696,242,214,Druid,Feral
492,Retwarfw,sargeras,ALLIANCE,2695,158,112,Warrior,Arms
492,Xantastic,area-52,ALLIANCE,2695,302,230,Druid,Balance
492,Differentíal,tichondrius,HORDE,2695,386,317,Priest,Shadow
495,Ãùrêïïíæ,tichondrius,ALLIANCE,2694,385,346,Demon Hunter,Havoc
496,Dewandoritos,kelthuzad,ALLIANCE,2693,848,659,Warlock,Affliction
496,Sct,zuljin,ALLIANCE,2693,135,106,Paladin,Holy
496,Sct,zuljin,ALLIANCE,2693,135,106,Paladin,Protection
498,Flóp,dalaran,ALLIANCE,2692,264,200,Unknown,Unknown
499,Notes,sargeras,ALLIANCE,2691,233,194,Druid,Balance
499,Victimgôd,emerald-dream,HORDE,2691,511,438,Evoker,Preservation
499,Ÿöskë,tichondrius,HORDE,2691,286,269,Hunter,Beast Mastery
502,Maldivà,tichondrius,HORDE,2690,434,357,Warlock,Destruction
502,Treantzxd,sargeras,ALLIANCE,2690,350,291,Druid,Restoration
504,Kamählên,malganis,ALLIANCE,2688,242,186,Shaman,Enhancement
505,Manofmystery,drenden,ALLIANCE,2687,137,57,Priest,Shadow
505,Iushy,tichondrius,ALLIANCE,2687,243,193,Druid,Restoration
505,Supatease,tichondrius,ALLIANCE,2687,232,196,Druid,Balance
505,Bestpallyus,kelthuzad,ALLIANCE,2687,179,156,Paladin,Holy
509,Vigasick,azralon,ALLIANCE,2686,521,419,Unknown,Unknown
510,Fåçëlèssøñè,agamaggan,ALLIANCE,2685,85,58,Hunter,Survival
510,Literally,bleeding-hollow,ALLIANCE,2685,161,140,Priest,Holy
512,Woddk,uldum,ALLIANCE,2684,160,111,Death Knight,Unholy
513,Guttyp,stormrage,HORDE,2683,98,72,Unknown,Unknown
513,Çòñvíçtíòñ,deathwing,ALLIANCE,2683,275,218,Druid,Balance
515,Saviorofsong,illidan,HORDE,2682,100,75,Unknown,Unknown
516,Tuzik,sargeras,ALLIANCE,2680,482,323,Unknown,Unknown
517,Djbig,sargeras,ALLIANCE,2679,829,561,Demon Hunter,Havoc
517,Meleegodx,darkspear,ALLIANCE,2679,218,167,Paladin,Retribution
519,Pvemeta,tichondrius,ALLIANCE,2677,190,119,Unknown,Unknown
519,Claudio,tichondrius,ALLIANCE,2677,283,195,Death Knight,Unholy
521,Bluefighter,tichondrius,ALLIANCE,2676,211,168,Unknown,Unknown
522,Nostwo,bleeding-hollow,HORDE,2675,194,160,Unknown,Unknown
522,Exrtj,sargeras,ALLIANCE,2675,311,266,Evoker,Preservation
522,Exrtj,sargeras,ALLIANCE,2675,311,266,Evoker,Preservation
522,Nickimínaj,illidan,HORDE,2675,321,294,Monk,Mistweaver
525,Hogxblue,sargeras,ALLIANCE,2674,239,155,Unknown,Unknown
526,Zaristel,altar-of-storms,ALLIANCE,2673,279,225,Demon Hunter,Havoc
526,Shifterx,illidan,ALLIANCE,2673,504,446,Unknown,Unknown
528,Galdradrela,stormrage,ALLIANCE,2672,131,88,Monk,Windwalker
528,Mudro,frostmourne,ALLIANCE,2672,390,285,Druid,Balance
528,Keator,tichondrius,HORDE,2672,482,375,Death Knight,Unholy
528,Lìfebloom,stormrage,ALLIANCE,2672,508,445,Unknown,Unknown
528,Hyttzdrag,hakkar,ALLIANCE,2672,497,459,Evoker,Preservation
533,Chanibad,sargeras,ALLIANCE,2671,141,40,Unknown,Unknown
533,Peezy,darkspear,ALLIANCE,2671,497,368,Warlock,Destruction
533,Bubblebuddyx,tichondrius,ALLIANCE,2671,391,330,Paladin,Retribution
536,Sonoftwodads,thrall,ALLIANCE,2670,158,101,Death Knight,Unholy
536,Darkspyro,area-52,HORDE,2670,417,334,Evoker,Preservation
538,Bigzistance,area-52,ALLIANCE,2669,111,74,Warrior,Fury
538,Shrekwarr,tichondrius,HORDE,2669,205,144,Warrior,Arms
538,Fawxfighter,thrall,ALLIANCE,2669,157,129,Demon Hunter,Havoc
538,Thelockzx,azralon,HORDE,2669,203,175,Warlock,Demonology
538,Calvoker,moon-guard,ALLIANCE,2669,485,433,Unknown,Unknown
543,Mikemfdragon,bleeding-hollow,HORDE,2668,354,271,Evoker,Preservation
544,Blustacks,sargeras,ALLIANCE,2667,140,75,Shaman,Elemental
544,Overhand,illidan,ALLIANCE,2667,232,153,Warrior,Arms
544,Holylolz,ragnaros,HORDE,2667,806,734,Unknown,Unknown
544,Kickbotmacro,illidan,ALLIANCE,2667,255,239,Unknown,Unknown
548,Gotshaman,area-52,ALLIANCE,2665,198,131,Shaman,Elemental
548,Spookyman,malganis,HORDE,2665,152,111,Priest,Shadow
548,Joaquinphx,sargeras,ALLIANCE,2665,1134,987,Druid,Balance
551,Babbiz,tichondrius,ALLIANCE,2664,98,64,Unknown,Unknown
551,Lx,grizzly-hills,ALLIANCE,2664,242,194,Druid,Restoration
551,Jaywaz,tichondrius,ALLIANCE,2664,497,479,Hunter,Survival
554,Sarlonk,stormrage,ALLIANCE,2663,126,82,Hunter,Survival
554,Ehtend,sargeras,ALLIANCE,2663,261,198,Demon Hunter,Havoc
556,Danarolls,spirestone,ALLIANCE,2662,195,135,Monk,Mistweaver
557,Sopicky,sargeras,ALLIANCE,2661,256,197,Demon Hunter,Havoc
557,Jtrxe,malganis,HORDE,2661,226,180,Evoker,Devastation
557,Maimx,alleria,ALLIANCE,2661,248,199,Druid,Feral
557,Sucia,khaz-modan,ALLIANCE,2661,298,250,Demon Hunter,Havoc
557,Keb,amanthul,ALLIANCE,2661,553,477,Druid,Restoration
557,Senàn,tichondrius,ALLIANCE,2661,878,776,Unknown,Unknown
557,Yuji,darkspear,ALLIANCE,2661,448,405,Paladin,Retribution
564,Jdcvswotrirs,tichondrius,ALLIANCE,2660,233,143,Rogue,Outlaw
564,Stacyzdad,illidan,ALLIANCE,2660,446,305,Shaman,Restoration
564,Illiililiill,bleeding-hollow,ALLIANCE,2660,319,270,Demon Hunter,Havoc
567,Brbpetmycat,zuljin,HORDE,2659,181,121,Demon Hunter,Havoc
567,Bluegator,tichondrius,HORDE,2659,115,81,Shaman,Restoration
567,Domeattenhp,area-52,ALLIANCE,2659,163,120,Priest,Discipline
570,Comedragon,area-52,HORDE,2658,169,116,Evoker,Devastation
570,Ryôikitenkai,illidan,ALLIANCE,2658,179,124,Unknown,Unknown
570,Gødøfshaølin,tichondrius,HORDE,2658,143,101,Monk,Windwalker
573,Kaqthedh,azjolnerub,ALLIANCE,2657,220,182,Unknown,Unknown
574,Xplosn,area-52,ALLIANCE,2656,653,442,Mage,Frost
574,Fromcanada,lightbringer,ALLIANCE,2656,133,93,Mage,Frost
574,Fromcanada,lightbringer,ALLIANCE,2656,133,93,Mage,Frost
574,Thebbwslayer,tichondrius,HORDE,2656,879,757,Warlock,Affliction
577,Kidseeghost,tichondrius,ALLIANCE,2655,173,106,Death Knight,Frost
577,Tackett,emerald-dream,ALLIANCE,2655,144,91,Unknown,Unknown
579,Magictokerxx,bleeding-hollow,ALLIANCE,2654,385,356,Rogue,Assassination
580,Zentheonxd,malganis,ALLIANCE,2653,368,321,Druid,Feral
581,Heavenscent,arathor,ALLIANCE,2652,141,88,Unknown,Unknown
581,Namaglizz,sargeras,HORDE,2652,112,71,Shaman,Elemental
581,Killbórn,azralon,HORDE,2652,231,163,Warrior,Fury
581,Saiiph,bleeding-hollow,HORDE,2652,185,147,Hunter,Marksmanship
581,Nimicbomb,tichondrius,ALLIANCE,2652,606,528,Hunter,Marksmanship
586,Hughmungus,moon-guard,ALLIANCE,2651,115,57,Unknown,Unknown
586,Wånshðttð,sargeras,ALLIANCE,2651,322,203,Evoker,Preservation
586,Dopaminep,shattered-halls,ALLIANCE,2651,159,116,Priest,Shadow
589,Nofoamlattes,thrall,ALLIANCE,2650,273,177,Unknown,Unknown
589,Blockmyexs,eitrigg,ALLIANCE,2650,128,99,Unknown,Unknown
589,Pannaxx,tichondrius,ALLIANCE,2650,343,320,Druid,Balance
592,Xrtj,tichondrius,ALLIANCE,2649,238,169,Evoker,Preservation
592,Rsk,tichondrius,ALLIANCE,2649,956,769,Unknown,Unknown
592,Soulrulerxc,tichondrius,ALLIANCE,2649,579,481,Warlock,Destruction
595,Smightxd,thrall,ALLIANCE,2648,182,128,Unknown,Unknown
595,Stripes,moon-guard,ALLIANCE,2648,381,278,Druid,Restoration
595,Robot,illidan,ALLIANCE,2648,259,198,Shaman,Elemental
595,Italianstud,area-52,ALLIANCE,2648,287,226,Druid,Feral
599,Meïzer,tichondrius,ALLIANCE,2647,149,87,Unknown,Unknown
599,Smrtdeath,zuljin,HORDE,2647,239,160,Shaman,Restoration
599,Papsiecan,tichondrius,HORDE,2647,122,84,Unknown,Unknown
599,Crudos,tichondrius,ALLIANCE,2647,412,388,Paladin,Retribution
603,Caliph,malganis,ALLIANCE,2646,228,156,Rogue,Assassination
603,Karmà,lightninghoof,ALLIANCE,2646,244,197,Evoker,Preservation
603,Felz,illidan,HORDE,2646,211,177,Unknown,Unknown
603,Aegx,stormrage,ALLIANCE,2646,152,132,Rogue,Subtlety
607,Diviniumz,bleeding-hollow,HORDE,2645,156,101,Death Knight,Unholy
607,Flystowardsu,stormrage,ALLIANCE,2645,155,113,Evoker,Devastation
607,Biggpharma,sargeras,ALLIANCE,2645,408,393,Druid,Feral
610,Ftïër,ragnaros,ALLIANCE,2644,107,80,Unknown,Unknown
610,Chidòrix,auchindoun,HORDE,2644,289,220,Shaman,Enhancement
610,Dipilga,proudmoore,ALLIANCE,2644,100,89,Shaman,Elemental
613,Mazaljot,kelthuzad,HORDE,2643,122,60,Warrior,Arms
613,Orochimaru,aerie-peak,ALLIANCE,2643,183,129,Unknown,Unknown
613,Kopioh,stormrage,ALLIANCE,2643,218,163,Paladin,Retribution
613,Flokkmoo,sargeras,ALLIANCE,2643,394,307,Unknown,Unknown
613,Goodoleflash,illidan,ALLIANCE,2643,194,175,Unknown,Unknown
613,Einsteinovic,zuljin,ALLIANCE,2643,292,278,Demon Hunter,Devourer
619,Notesjr,sargeras,ALLIANCE,2642,242,188,Unknown,Unknown
619,Ory,illidan,ALLIANCE,2642,284,244,Druid,Balance
619,Isömetrics,barthilas,ALLIANCE,2642,360,313,Warlock,Demonology
619,Croces,tichondrius,HORDE,2642,446,398,Demon Hunter,Havoc
619,Croces,tichondrius,HORDE,2642,446,398,Demon Hunter,Havoc
623,Dyllbar,tichondrius,ALLIANCE,2641,272,188,Shaman,Restoration
623,Avocadoyummy,tichondrius,HORDE,2641,167,116,Warrior,Arms
623,Hahahahahaha,drenden,ALLIANCE,2641,151,107,Unknown,Unknown
626,Leecornell,tichondrius,ALLIANCE,2640,292,176,Demon Hunter,Havoc
626,Pambeazley,bronzebeard,ALLIANCE,2640,194,137,Paladin,Retribution
628,Ssds,sargeras,ALLIANCE,2639,110,68,Hunter,Survival
628,Sammersgojo,illidan,HORDE,2639,106,73,Monk,Mistweaver
628,Xênk,moon-guard,HORDE,2639,517,442,Unknown,Unknown
628,Lenzoowttv,illidan,ALLIANCE,2639,430,414,Unknown,Unknown
632,Zlah,malganis,ALLIANCE,2638,216,160,Unknown,Unknown
632,Slunkss,tichondrius,HORDE,2638,242,205,Monk,Mistweaver
632,Cryogeniks,illidan,ALLIANCE,2638,481,462,Mage,Frost
635,Chás,area-52,ALLIANCE,2637,256,216,Druid,Restoration
636,Kimchishot,tichondrius,HORDE,2636,272,221,Hunter,Survival
636,Thompson,bloodscalp,ALLIANCE,2636,927,809,Rogue,Assassination
636,Happydáys,tichondrius,HORDE,2636,569,549,Evoker,Devastation
639,Purifiedirlx,area-52,ALLIANCE,2635,121,66,Paladin,Holy
639,Pmakehaha,area-52,ALLIANCE,2635,374,251,Unknown,Unknown
639,Goreckiq,hyjal,ALLIANCE,2635,1068,785,Unknown,Unknown
642,Thedaz,stormrage,HORDE,2634,79,55,Unknown,Unknown
642,Metafour,arthas,HORDE,2634,436,376,Shaman,Restoration
644,Ampedcey,tichondrius,ALLIANCE,2633,144,93,Unknown,Unknown
644,Xiuni,shadowmoon,ALLIANCE,2633,156,127,Priest,Holy
644,Montagego,illidan,ALLIANCE,2633,367,335,Paladin,Holy
647,Reynel,tichondrius,HORDE,2632,300,201,Hunter,Beast Mastery
647,Buffms,sargeras,ALLIANCE,2632,116,78,Paladin,Retribution
647,Dylôn,tichondrius,HORDE,2632,205,207,Unknown,Unknown
650,Poliwog,tichondrius,ALLIANCE,2631,121,81,Paladin,Retribution
650,Gratiens,zuljin,HORDE,2631,193,139,Shaman,Restoration
650,Cmg,sargeras,ALLIANCE,2631,179,142,Priest,Shadow
650,Montagedark,illidan,ALLIANCE,2631,219,174,Unknown,Unknown
650,Wakeenfiendx,sargeras,ALLIANCE,2631,856,783,Unknown,Unknown
655,Mangotang,dalaran,HORDE,2630,118,66,Unknown,Unknown
655,Bastila,zuljin,ALLIANCE,2630,171,129,Paladin,Retribution
657,Jahvilli,tichondrius,HORDE,2629,322,219,Unknown,Unknown
658,Gudóngmae,stormrage,ALLIANCE,2628,73,49,Priest,Holy
658,Askronnie,sargeras,ALLIANCE,2628,260,206,Shaman,Enhancement
658,Cheddy,tichondrius,ALLIANCE,2628,286,227,Unknown,Unknown
661,Orochisháman,stormrage,ALLIANCE,2627,385,309,Shaman,Restoration
662,Finesthour,icecrown,ALLIANCE,2626,123,62,Death Knight,Unholy
662,Samstupidiot,illidan,ALLIANCE,2626,415,321,Evoker,Preservation
662,Mizukï,sargeras,HORDE,2626,302,267,Unknown,Unknown
665,Rägnarr,tichondrius,ALLIANCE,2625,110,63,Warrior,Fury
665,Mugiwara,frostwolf,ALLIANCE,2625,160,122,Hunter,Marksmanship
665,Thickies,emerald-dream,HORDE,2625,172,139,Unknown,Unknown
665,Pandadruidf,malganis,ALLIANCE,2625,331,283,Unknown,Unknown
669,Drinkone,frostmourne,ALLIANCE,2624,156,62,Druid,Balance
669,Squaller,tichondrius,HORDE,2624,279,136,Unknown,Unknown
669,Pmake,area-52,ALLIANCE,2624,234,177,Mage,Frost
672,Itsjimmy,korgath,HORDE,2623,153,96,Priest,Discipline
672,Pigmahz,malganis,HORDE,2623,120,89,Warlock,Destruction
672,Rundaim,azralon,ALLIANCE,2623,1177,946,Death Knight,Unholy
672,Reedyjr,tichondrius,ALLIANCE,2623,457,396,Priest,Discipline
672,Rennarlock,tichondrius,ALLIANCE,2623,198,174,Warlock,Destruction
677,Iegoland,sargeras,ALLIANCE,2622,157,123,Priest,Discipline
677,Chanigay,tichondrius,HORDE,2622,188,163,Warlock,Demonology
679,Vigarst,azralon,HORDE,2621,345,312,Unknown,Unknown
680,Ttvfoxyllama,tichondrius,ALLIANCE,2620,186,141,Unknown,Unknown
680,Meepdruid,kilrogg,ALLIANCE,2620,151,126,Unknown,Unknown
682,Pesian,dalaran,ALLIANCE,2619,213,168,Unknown,Unknown
682,Redfish,tichondrius,ALLIANCE,2619,180,144,Warlock,Demonology
684,Iloverevzxy,stormrage,HORDE,2618,181,126,Demon Hunter,Havoc
684,Pelletbrain,emerald-dream,ALLIANCE,2618,595,510,Monk,Mistweaver
686,Conradlenoir,illidan,HORDE,2617,196,156,Warlock,Destruction
686,Eviladamchan,tichondrius,HORDE,2617,283,230,Unknown,Unknown
686,Knebworth,tichondrius,ALLIANCE,2617,219,178,Druid,Restoration
686,Elonmussk,illidan,HORDE,2617,325,303,Mage,Fire
690,Supersonick,tichondrius,ALLIANCE,2616,147,87,Druid,Restoration
691,Ilovemiddle,area-52,HORDE,2615,533,450,Shaman,Restoration
692,Droolingatm,tichondrius,HORDE,2613,113,70,Unknown,Unknown
692,Sniffingglue,sargeras,HORDE,2613,190,134,Warlock,Demonology
692,Uneasyp,tichondrius,ALLIANCE,2613,156,111,Paladin,Retribution
692,Thunderbudx,malganis,HORDE,2613,223,186,Shaman,Elemental
692,Lilkrome,illidan,ALLIANCE,2613,242,209,Warrior,Arms
692,Treantz,sargeras,ALLIANCE,2613,465,409,Druid,Restoration
698,Persidius,tichondrius,ALLIANCE,2612,236,140,Priest,Discipline
698,Blazeykay,tichondrius,ALLIANCE,2612,122,80,Unknown,Unknown
698,Pournoel,tichondrius,ALLIANCE,2612,368,277,Paladin,Retribution
698,Mysticallx,sargeras,ALLIANCE,2612,235,187,Monk,Mistweaver
698,Iinkinbio,alleria,ALLIANCE,2612,575,465,Unknown,Unknown
698,Iakalam,illidan,ALLIANCE,2612,184,157,Unknown,Unknown
704,Theblèss,tichondrius,ALLIANCE,2611,241,179,Paladin,Retribution
704,Laranax,kelthuzad,ALLIANCE,2611,151,116,Unknown,Unknown
704,Zòzò,zuljin,ALLIANCE,2611,172,137,Paladin,Retribution
704,Ppgóblíñ,illidan,HORDE,2611,581,463,Shaman,Elemental
708,Shàbriri,azralon,ALLIANCE,2610,118,93,Unknown,Unknown
708,Fancyfeetqt,area-52,ALLIANCE,2610,197,158,Paladin,Holy
708,Maxxwar,bleeding-hollow,ALLIANCE,2610,250,211,Unknown,Unknown
708,Antijax,stormrage,ALLIANCE,2610,419,354,Rogue,Assassination
712,Illixo,area-52,HORDE,2609,212,165,Shaman,Restoration
713,Jointers,tichondrius,ALLIANCE,2608,144,91,Rogue,Subtlety
713,Onulyo,tichondrius,ALLIANCE,2608,427,303,Rogue,Assassination
713,Solitär,sargeras,ALLIANCE,2608,303,231,Priest,Shadow
713,Slantsix,tichondrius,HORDE,2608,259,209,Warlock,Demonology
713,Buffboomy,malganis,ALLIANCE,2608,368,339,Druid,Balance
718,Yungkemosabe,area-52,HORDE,2607,156,110,Unknown,Unknown
718,Ruzak,thrall,ALLIANCE,2607,135,97,Unknown,Unknown
720,Chickenbutt,undermine,ALLIANCE,2606,209,117,Unknown,Unknown
720,Astrowrld,malganis,HORDE,2606,184,128,Evoker,Preservation
720,Zøzø,zuljin,ALLIANCE,2606,262,194,Paladin,Retribution
720,Kirigata,sargeras,HORDE,2606,474,390,Priest,Holy
720,Iphoneuser,illidan,ALLIANCE,2606,423,365,Monk,Mistweaver
720,Dopaminedru,kelthuzad,ALLIANCE,2606,178,171,Druid,Balance
726,Vanussa,zuljin,HORDE,2605,175,123,Shaman,Restoration
726,Slm,bleeding-hollow,HORDE,2605,241,194,Shaman,Restoration
726,Toxicant,zuljin,HORDE,2605,186,153,Death Knight,Frost
729,Dipicrowcaw,tichondrius,ALLIANCE,2604,78,41,Warlock,Affliction
729,Jokerks,tichondrius,ALLIANCE,2604,140,92,Warlock,Demonology
729,Lieferant,area-52,HORDE,2604,1252,840,Evoker,Preservation
729,Joebidens,tichondrius,ALLIANCE,2604,128,90,Druid,Restoration
729,Spectretribe,tichondrius,ALLIANCE,2604,243,192,Mage,Fire
729,Blackwidowr,tichondrius,ALLIANCE,2604,454,370,Mage,Fire
729,Galianaomin,barthilas,ALLIANCE,2604,562,469,Priest,Shadow
736,Fromcanadaqc,eitrigg,HORDE,2603,115,74,Mage,Frost
736,Fromcanadaqc,eitrigg,HORDE,2603,115,74,Unknown,Unknown
736,Fromcanadaqc,eitrigg,HORDE,2603,115,74,Mage,Frost
736,Fromcanadaqc,eitrigg,HORDE,2603,115,74,Mage,Frost
736,Fromcanadaqc,eitrigg,HORDE,2603,115,74,Mage,Frost
736,Fromcanadaqc,eitrigg,HORDE,2603,115,74,Mage,Frost
736,Rogerfed,stormrage,ALLIANCE,2603,666,434,Unknown,Unknown
736,Felw,stormrage,ALLIANCE,2603,127,84,Unknown,Unknown
736,Ywtbh,tichondrius,ALLIANCE,2603,294,199,Unknown,Unknown
736,Zaiygetv,sargeras,ALLIANCE,2603,519,434,Unknown,Unknown
741,Baldblindbad,malganis,ALLIANCE,2602,144,111,Shaman,Enhancement
741,Geicovoker,tichondrius,ALLIANCE,2602,180,145,Evoker,Devastation
741,Rorae,tichondrius,ALLIANCE,2602,268,218,Druid,Restoration
741,Wölf,durotan,HORDE,2602,176,146,Unknown,Unknown
745,Mingfarç,tichondrius,ALLIANCE,2601,414,318,Druid,Restoration
745,Xxann,tichondrius,HORDE,2601,262,217,Demon Hunter,Havoc
745,Kelaillea,kelthuzad,ALLIANCE,2601,373,338,Druid,Restoration
745,Thyatera,ragnaros,HORDE,2601,273,261,Evoker,Preservation
749,Wolfibi,tichondrius,ALLIANCE,2600,252,158,Warlock,Destruction
749,Vraltak,tichondrius,ALLIANCE,2600,219,142,Unknown,Unknown
749,Norolemodelz,tichondrius,ALLIANCE,2600,217,146,Demon Hunter,Havoc
749,Renebesthpal,illidan,ALLIANCE,2600,297,262,Unknown,Unknown
753,Rennardragon,bleeding-hollow,HORDE,2599,170,121,Evoker,Preservation
753,Hxpriest,tichondrius,ALLIANCE,2599,302,230,Priest,Holy
753,Yuouji,darkspear,ALLIANCE,2599,98,84,Paladin,Retribution
753,Downbadsumah,malganis,HORDE,2599,215,189,Unknown,Unknown
757,Demonconor,bronzebeard,ALLIANCE,2598,150,120,Demon Hunter,Havoc
757,Exrtj,stormrage,ALLIANCE,2598,190,159,Evoker,Preservation
757,Exrtj,stormrage,ALLIANCE,2598,190,159,Evoker,Preservation
757,Stungods,frostmourne,ALLIANCE,2598,236,198,Unknown,Unknown
757,Penguinsalty,tichondrius,ALLIANCE,2598,272,247,Unknown,Unknown
761,Delmer,fenris,ALLIANCE,2597,131,61,Demon Hunter,Havoc
761,Keytonx,tichondrius,HORDE,2597,177,86,Unknown,Unknown
761,Kwanzaa,emerald-dream,HORDE,2597,113,73,Druid,Balance
761,Righteousw,area-52,HORDE,2597,126,98,Unknown,Unknown
761,Unequalled,darkspear,ALLIANCE,2597,156,122,Paladin,Holy
761,Rfc,tichondrius,ALLIANCE,2597,266,215,Unknown,Unknown
761,Pledx,tichondrius,ALLIANCE,2597,477,429,Warlock,Destruction
768,Aimlesslyed,tichondrius,HORDE,2596,187,124,Unknown,Unknown
768,Woezx,stormreaver,ALLIANCE,2596,175,137,Unknown,Unknown
768,Voidchaos,whisperwind,ALLIANCE,2596,460,403,Warlock,Destruction
768,Weskerrz,tichondrius,HORDE,2596,222,195,Warrior,Arms
768,Foxfighter,thrall,ALLIANCE,2596,271,241,Demon Hunter,Havoc
773,Frenziregenx,tichondrius,ALLIANCE,2595,94,50,Unknown,Unknown
773,Isql,illidan,HORDE,2595,137,86,Priest,Shadow
773,Chickenzzack,tichondrius,HORDE,2595,308,196,Hunter,Beast Mastery
773,Zentheon,malganis,ALLIANCE,2595,297,236,Druid,Feral
773,Rlstine,sargeras,ALLIANCE,2595,213,172,Druid,Restoration
773,Notinsanity,proudmoore,HORDE,2595,246,201,Druid,Feral
773,Venruki,tichondrius,ALLIANCE,2595,321,263,Mage,Frost
773,Shoepooper,illidan,ALLIANCE,2595,230,215,Priest,Holy
781,Noract,tichondrius,ALLIANCE,2594,95,48,Unknown,Unknown
781,Ciphens,malganis,ALLIANCE,2594,108,70,Death Knight,Unholy
781,Zerotwodance,tichondrius,ALLIANCE,2594,143,97,Unknown,Unknown
781,Pboo,tichondrius,ALLIANCE,2594,200,140,Priest,Discipline
781,Jiaohenda,sargeras,ALLIANCE,2594,207,162,Unknown,Unknown
781,Miketheseal,bleeding-hollow,ALLIANCE,2594,251,213,Shaman,Restoration
781,Jacktheyak,kelthuzad,ALLIANCE,2594,842,725,Warlock,Affliction
781,Kriger,tichondrius,HORDE,2594,426,377,Warrior,Protection
781,Uglybaldbaby,icecrown,ALLIANCE,2594,207,198,Druid,Feral
790,Mooñstone,stormrage,ALLIANCE,2593,130,78,Evoker,Preservation
790,Dramahammer,muradin,ALLIANCE,2593,191,124,Paladin,Holy
790,Sawajirii,tichondrius,ALLIANCE,2593,155,101,Unknown,Unknown
790,Cerruendor,stormrage,ALLIANCE,2593,141,98,Demon Hunter,Havoc
790,Ntdh,stormrage,ALLIANCE,2593,112,86,Unknown,Unknown
790,Stegp,kelthuzad,ALLIANCE,2593,213,184,Priest,Holy
796,Malvinzxr,area-52,HORDE,2592,118,82,Mage,Frost
796,Ylkl,tichondrius,ALLIANCE,2592,193,140,Unknown,Unknown
796,Gywvewy,kelthuzad,HORDE,2592,518,407,Unknown,Unknown
799,Qzdxmd,tichondrius,ALLIANCE,2591,185,125,Druid,Restoration
799,Praemael,tichondrius,HORDE,2591,183,144,Priest,Discipline
799,Komorebí,bleeding-hollow,ALLIANCE,2591,243,196,Unknown,Unknown
802,Tmborn,tichondrius,HORDE,2590,264,197,Paladin,Holy
802,Fabbs,frostmourne,HORDE,2590,225,199,Hunter,Beast Mastery
804,Calmthree,tichondrius,ALLIANCE,2589,179,132,Unknown,Unknown
805,Loggerferal,stormrage,ALLIANCE,2588,583,402,Druid,Feral
805,Sanctify,onyxia,ALLIANCE,2588,136,100,Paladin,Holy
805,Jessicajin,tichondrius,ALLIANCE,2588,258,220,Warrior,Fury
808,Galaxyblaze,tichondrius,ALLIANCE,2587,107,71,Rogue,Subtlety
808,Wangge,tichondrius,ALLIANCE,2587,342,240,Rogue,Outlaw
808,Hubermanlab,tichondrius,ALLIANCE,2587,172,121,Shaman,Elemental
808,Plasmadancer,area-52,HORDE,2587,284,251,Unknown,Unknown
808,Øneêyêdkîng,twisting-nether,ALLIANCE,2587,307,277,Unknown,Unknown
813,Restokin,dreadmaul,ALLIANCE,2586,291,219,Druid,Restoration
813,Duelistirlxx,area-52,ALLIANCE,2586,161,124,Paladin,Holy
813,Néynéy,illidan,ALLIANCE,2586,174,139,Unknown,Unknown
816,Superboyç,tichondrius,ALLIANCE,2585,129,81,Druid,Restoration
816,Coppermedusa,sargeras,ALLIANCE,2585,118,83,Evoker,Devastation
816,Rice,lothar,ALLIANCE,2585,287,211,Warlock,Destruction
816,Goodolefash,dalaran,ALLIANCE,2585,133,99,Paladin,Holy
816,Hootheals,illidan,HORDE,2585,380,322,Priest,Discipline
821,Løøpdløøp,tichondrius,ALLIANCE,2584,134,70,Evoker,Preservation
821,Wrldstars,kelthuzad,ALLIANCE,2584,192,170,Unknown,Unknown
821,Saltstream,tichondrius,ALLIANCE,2584,366,338,Hunter,Marksmanship
824,Restobaby,tichondrius,ALLIANCE,2583,219,163,Druid,Restoration
824,Chachiovelf,kiljaeden,ALLIANCE,2583,344,293,Death Knight,Frost
824,Bahamas,bleeding-hollow,ALLIANCE,2583,370,338,Warlock,Demonology
827,Aaàaàaààa,frostmourne,ALLIANCE,2582,265,180,Unknown,Unknown
827,Unclebiden,bleeding-hollow,HORDE,2582,150,112,Warrior,Fury
827,Butta,darkspear,HORDE,2582,230,182,Unknown,Unknown
827,Sylént,illidan,ALLIANCE,2582,203,164,Unknown,Unknown
827,Kynvi,zuljin,ALLIANCE,2582,239,204,Warrior,Arms
832,Kîñg,alleria,ALLIANCE,2581,156,112,Druid,Balance
832,Space,crushridge,HORDE,2581,146,120,Paladin,Holy
832,Scuffedx,tichondrius,ALLIANCE,2581,150,124,Druid,Feral
832,Trinkbubb,ragnaros,HORDE,2581,219,200,Paladin,Holy
836,Creeper,uther,ALLIANCE,2580,124,48,Mage,Frost
836,Ocean,sargeras,ALLIANCE,2580,435,360,Paladin,Holy
836,Phantøms,zuljin,HORDE,2580,691,646,Priest,Discipline
836,Flashmob,zuljin,ALLIANCE,2580,483,465,Rogue,Subtlety
836,Bigttuna,zuljin,HORDE,2580,462,452,Mage,Frost
841,Ånko,tichondrius,ALLIANCE,2579,118,71,Rogue,Assassination
841,Revoir,akama,ALLIANCE,2579,137,88,Paladin,Retribution
841,Jinsheing,tichondrius,ALLIANCE,2579,155,102,Unknown,Unknown
841,Thelf,darkspear,ALLIANCE,2579,138,96,Unknown,Unknown
841,Warried,sargeras,HORDE,2579,115,82,Warrior,Fury
841,Nosthree,bleeding-hollow,HORDE,2579,245,203,Warlock,Demonology
841,Oelyfans,tichondrius,HORDE,2579,842,702,Unknown,Unknown
841,Chadsmanship,kelthuzad,ALLIANCE,2579,621,542,Hunter,Marksmanship
841,Acjuanthirty,sargeras,ALLIANCE,2579,606,541,Unknown,Unknown
850,Kittykats,moon-guard,ALLIANCE,2578,108,59,Warlock,Demonology
850,Yxidzz,area-52,ALLIANCE,2578,144,79,Rogue,Outlaw
850,Fåçèlèssgød,tichondrius,ALLIANCE,2578,117,77,Rogue,Subtlety
850,Freekeeper,drakthul,ALLIANCE,2578,423,338,Unknown,Unknown
854,Solareclipse,tichondrius,ALLIANCE,2577,134,91,Druid,Balance
854,Enzoh,zuljin,HORDE,2577,389,324,Warrior,Fury
854,Burñx,illidan,ALLIANCE,2577,444,398,Unknown,Unknown
857,Toxiz,area-52,HORDE,2576,132,74,Unknown,Unknown
857,Illililiilil,tichondrius,ALLIANCE,2576,119,80,Demon Hunter,Havoc
857,Illililiilil,tichondrius,ALLIANCE,2576,119,80,Mage,Frost
857,Claudiaobeef,azralon,HORDE,2576,244,186,Paladin,Retribution
857,Zugluv,illidan,ALLIANCE,2576,174,135,Warrior,Arms
857,Piriripompom,illidan,ALLIANCE,2576,153,122,Druid,Restoration
857,Glaive,nemesis,ALLIANCE,2576,132,107,Demon Hunter,Havoc
863,Kamisasnake,illidan,HORDE,2575,302,239,Shaman,Restoration
863,Buffregrowth,sargeras,ALLIANCE,2575,1022,822,Unknown,Unknown
863,Wigglipuffs,bleeding-hollow,ALLIANCE,2575,318,318,Paladin,Retribution
866,Gaikorc,area-52,HORDE,2574,272,177,Rogue,Outlaw
866,Spèctrê,area-52,ALLIANCE,2574,629,469,Unknown,Unknown
866,Trinketair,frostwolf,ALLIANCE,2574,268,228,Hunter,Marksmanship
866,Shadowordyup,area-52,ALLIANCE,2574,354,311,Priest,Shadow
870,Slýtherin,tichondrius,ALLIANCE,2573,116,31,Evoker,Devastation
870,Esq,bleeding-hollow,ALLIANCE,2573,114,73,Monk,Mistweaver
870,Szasbbl,stormrage,ALLIANCE,2573,195,143,Unknown,Unknown
870,Jeeme,area-52,ALLIANCE,2573,547,486,Unknown,Unknown
874,Warattack,tichondrius,HORDE,2572,152,61,Rogue,Subtlety
874,Valadinn,tichondrius,HORDE,2572,179,119,Paladin,Retribution
874,Owens,kelthuzad,ALLIANCE,2572,160,109,Unknown,Unknown
874,Kagechicken,stormrage,ALLIANCE,2572,211,155,Unknown,Unknown
874,Lvladen,sargeras,ALLIANCE,2572,187,138,Paladin,Retribution
874,Gojø,malganis,HORDE,2572,332,275,Unknown,Unknown
880,Nono,illidan,ALLIANCE,2571,116,40,Demon Hunter,Havoc
880,Ntp,bloodhoof,ALLIANCE,2571,163,93,Hunter,Beast Mastery
880,Freepokemons,area-52,ALLIANCE,2571,315,226,Priest,Shadow
880,Scandi,tichondrius,ALLIANCE,2571,312,240,Priest,Shadow
880,Smexual,tichondrius,ALLIANCE,2571,107,95,Priest,Discipline
885,Rãðïáñçëgøð,stormrage,ALLIANCE,2570,284,197,Unknown,Unknown
885,Ldc,sargeras,ALLIANCE,2570,127,98,Rogue,Assassination
885,Courageous,alexstrasza,HORDE,2570,157,124,Paladin,Holy
885,Gtåte,azjolnerub,ALLIANCE,2570,201,160,Demon Hunter,Havoc
885,Tønÿtwøtimés,bleeding-hollow,ALLIANCE,2570,285,253,Priest,Discipline
885,Sholts,malganis,HORDE,2570,258,239,Priest,Holy
885,Jwuwu,malganis,ALLIANCE,2570,254,244,Unknown,Unknown
885,Soohyuk,tichondrius,HORDE,2570,777,767,Warlock,Destruction
893,Purmabanned,tichondrius,ALLIANCE,2569,81,50,Paladin,Holy
893,Toonahz,area-52,ALLIANCE,2569,213,133,Paladin,Holy
893,Zanthrow,area-52,ALLIANCE,2569,112,73,Warrior,Fury
893,Dackøzzt,quelthalas,HORDE,2569,128,85,Warrior,Arms
893,Tewiyakichkn,tichondrius,ALLIANCE,2569,126,90,Priest,Holy
893,Mewogue,sargeras,ALLIANCE,2569,159,115,Rogue,Outlaw
893,Korean,nazgrel,ALLIANCE,2569,130,97,Warlock,Demonology
893,Garbagedruid,scilla,ALLIANCE,2569,223,180,Druid,Restoration
893,Hideonbushx,tichondrius,ALLIANCE,2569,265,224,Unknown,Unknown
893,Maxduo,bleeding-hollow,ALLIANCE,2569,195,174,Unknown,Unknown
893,Maxuno,bleeding-hollow,ALLIANCE,2569,582,553,Unknown,Unknown
904,Frankjkborat,bleeding-hollow,HORDE,2568,275,218,Evoker,Preservation
904,Jøhnwick,illidan,ALLIANCE,2568,664,543,Warlock,Destruction
906,Sketchydru,tichondrius,ALLIANCE,2567,215,152,Druid,Balance
906,Buffrm5B323E,anvilmar,ALLIANCE,2567,282,252,Unknown,Unknown
906,Maraagdh,tichondrius,ALLIANCE,2567,255,262,Demon Hunter,Havoc
909,Draconianlaw,stormrage,HORDE,2566,109,67,Priest,Discipline
909,Roxylanna,bonechewer,ALLIANCE,2566,160,116,Druid,Feral
909,Madcuzhpal,zuljin,ALLIANCE,2566,633,475,Unknown,Unknown
909,Gatorbop,area-52,ALLIANCE,2566,145,109,Paladin,Holy
909,Elvenmonk,frostmane,ALLIANCE,2566,159,126,Monk,Mistweaver
909,Yulieze,moon-guard,ALLIANCE,2566,123,100,Mage,Frost
909,Looksmaxxing,illidan,ALLIANCE,2566,257,235,Hunter,Survival
909,Hyttzvok,gurubashi,ALLIANCE,2566,737,679,Unknown,Unknown
917,Kirayu,stormrage,ALLIANCE,2565,120,64,Priest,Holy
917,Drinkmymilkz,thaurissan,HORDE,2565,120,64,Druid,Feral
917,Ðøubleshøt,burning-legion,ALLIANCE,2565,120,64,Unknown,Unknown
917,Eithelx,kelthuzad,ALLIANCE,2565,192,135,Unknown,Unknown
917,Vistacleave,maiev,HORDE,2565,134,98,Unknown,Unknown
917,Pandalove,malganis,ALLIANCE,2565,181,133,Unknown,Unknown
917,Plsnerfdh,tichondrius,ALLIANCE,2565,133,99,Unknown,Unknown
917,Wongelvis,zuljin,ALLIANCE,2565,210,161,Unknown,Unknown
917,Beibeihangx,tichondrius,ALLIANCE,2565,423,338,Priest,Shadow
917,Sealornoseal,bleeding-hollow,ALLIANCE,2565,147,123,Shaman,Restoration
917,Broshankz,whisperwind,ALLIANCE,2565,135,114,Unknown,Unknown
917,Ethxx,emerald-dream,ALLIANCE,2565,301,265,Unknown,Unknown
917,Shawnkëmp,sargeras,ALLIANCE,2565,170,155,Druid,Restoration
930,Sybrowscay,area-52,ALLIANCE,2564,191,128,Druid,Feral
930,Hellopdr,area-52,HORDE,2564,286,254,Hunter,Marksmanship
932,Gîyutomioka,ragnaros,ALLIANCE,2563,149,116,Unknown,Unknown
932,Budikalol,ragnaros,ALLIANCE,2563,185,148,Unknown,Unknown
932,Zozo,zuljin,ALLIANCE,2563,325,270,Paladin,Retribution
932,Redemption,mugthol,ALLIANCE,2563,162,145,Paladin,Holy
932,Fâthër,tichondrius,HORDE,2563,484,438,Shaman,Restoration
937,Gutso,malganis,ALLIANCE,2562,73,46,Monk,Windwalker
937,Pelletbrainn,malganis,ALLIANCE,2562,277,191,Unknown,Unknown
937,Delynx,alexstrasza,ALLIANCE,2562,131,93,Unknown,Unknown
937,Dipiboorst,proudmoore,HORDE,2562,109,82,Shaman,Elemental
937,Bigdaddypuff,cenarius,HORDE,2562,206,158,Paladin,Holy
937,Pantherex,suramar,ALLIANCE,2562,249,194,Warrior,Fury
937,Miaxo,zuljin,HORDE,2562,270,218,Unknown,Unknown
937,Kâmahlen,malganis,HORDE,2562,311,263,Warlock,Demonology
937,Hoboedd,area-52,HORDE,2562,622,546,Warrior,Arms
946,Deathglare,illidan,ALLIANCE,2561,149,118,Unknown,Unknown
946,Elune,illidan,ALLIANCE,2561,464,378,Druid,Restoration
946,Sasqueech,area-52,HORDE,2561,505,425,Unknown,Unknown
946,Fireballingx,illidan,ALLIANCE,2561,152,133,Warlock,Demonology
946,Wooxus,ragnaros,ALLIANCE,2561,229,209,Priest,Shadow
946,Barndorr,illidan,HORDE,2561,457,425,Demon Hunter,Havoc
946,Braxxinn,zuljin,ALLIANCE,2561,522,490,Warrior,Arms
953,Fluttermanez,tichondrius,HORDE,2560,194,131,Priest,Discipline
953,Nukexds,tichondrius,HORDE,2560,164,118,Shaman,Elemental
953,Brothabean,tichondrius,ALLIANCE,2560,95,70,Druid,Feral
953,Kill,barthilas,ALLIANCE,2560,299,242,Warlock,Affliction
957,Zzackchicken,tichondrius,ALLIANCE,2559,176,103,Hunter,Beast Mastery
957,Bestrun,tichondrius,ALLIANCE,2559,283,199,Druid,Restoration
957,Ixbrenxgodxl,malganis,HORDE,2559,221,167,Shaman,Enhancement
957,Wonderbread,drenden,ALLIANCE,2559,178,137,Paladin,Retribution
957,Lancee,zuljin,HORDE,2559,190,162,Demon Hunter,Havoc
962,Rcrog,tichondrius,ALLIANCE,2558,135,94,Unknown,Unknown
962,Brandemonium,wyrmrest-accord,ALLIANCE,2558,141,102,Warlock,Demonology
962,Magrodk,azralon,HORDE,2558,145,107,Death Knight,Unholy
962,Buffdev,sargeras,ALLIANCE,2558,406,334,Evoker,Augmentation
962,Vengeful,ragnaros,ALLIANCE,2558,185,153,Priest,Discipline
962,Luhcranky,sargeras,ALLIANCE,2558,266,224,Priest,Shadow
968,Houdwini,illidan,HORDE,2557,142,87,Unknown,Unknown
968,Pokeyobutt,hydraxis,HORDE,2557,116,72,Warrior,Fury
968,Destrumz,zuljin,ALLIANCE,2557,180,130,Hunter,Survival
968,Felrynpr,malganis,ALLIANCE,2557,203,161,Priest,Shadow
968,Nlovmc,suramar,ALLIANCE,2557,280,225,Warlock,Affliction
968,Freepnts,stormrage,ALLIANCE,2557,452,405,Rogue,Assassination
968,Phlares,stormrage,ALLIANCE,2557,530,512,Warlock,Affliction
968,Zalpx,sargeras,ALLIANCE,2557,955,948,Evoker,Preservation
976,Jazzbabyz,tichondrius,ALLIANCE,2556,134,56,Unknown,Unknown
976,Veiveis,tichondrius,ALLIANCE,2556,205,140,Priest,Discipline
976,Outboxed,tichondrius,HORDE,2556,152,113,Monk,Mistweaver
976,Stunspam,tichondrius,ALLIANCE,2556,244,197,Unknown,Unknown
976,Wzx,tichondrius,HORDE,2556,194,157,Warrior,Arms
976,Jonbonjovin,bleeding-hollow,ALLIANCE,2556,190,155,Paladin,Retribution
976,Meatbeaterx,bleeding-hollow,HORDE,2556,225,191,Shaman,Elemental
976,Silverkitty,tichondrius,ALLIANCE,2556,352,312,Shaman,Restoration
984,Attkdamdam,illidan,ALLIANCE,2555,241,177,Paladin,Holy
984,Bïgdäm,stormrage,ALLIANCE,2555,147,112,Shaman,Enhancement
984,Fàlc,stormrage,HORDE,2555,146,112,Shaman,Elemental
984,Dirtypuncher,proudmoore,HORDE,2555,160,123,Monk,Windwalker
984,Oseph,tichondrius,ALLIANCE,2555,889,712,Unknown,Unknown
984,Cardynivans,tichondrius,HORDE,2555,168,142,Paladin,Retribution
984,Nosfive,bleeding-hollow,HORDE,2555,209,177,Warlock,Affliction
991,Gaimegh,tichondrius,ALLIANCE,2554,117,74,Unknown,Unknown
991,Gibbon,gundrak,ALLIANCE,2554,138,94,Demon Hunter,Havoc
991,Scubatv,tichondrius,HORDE,2554,191,146,Unknown,Unknown
991,Restokinaka,dreadmaul,ALLIANCE,2554,266,212,Druid,Restoration
995,Lastrefrain,illidan,ALLIANCE,2553,76,48,Unknown,Unknown
995,Azorahaidh,kelthuzad,ALLIANCE,2553,86,56,Demon Hunter,Devourer
995,Monkmeep,kilrogg,HORDE,2553,114,75,Monk,Mistweaver
995,Dárkrái,sargeras,ALLIANCE,2553,141,93,Unknown,Unknown
995,Fântaso,azralon,HORDE,2553,135,98,Unknown,Unknown
995,Abrua,area-52,ALLIANCE,2553,258,200,Unknown,Unknown
